<SPEEvent>
	<EventDateTime>2020-11-21T23:21:54.123456</EventDateTime>
	<EventDateTimeString>QWEQWEQWEQWEASDASDAS</EventDateTimeString>
	<ServerName>QWEQWEQWEQWEASDASDAS</ServerName>
	<DriverTrackingID>QWEQWEQWEQWEASDASDAS</DriverTrackingID>
	<DriverTrackingType>QWEQWEQWEQWEASDASDAS</DriverTrackingType>
	<DriverTrackingStepID>QWEQWEQWEQWEASDASDAS</DriverTrackingStepID>
	<DriverTrackingStatus>QWEQWEQWEQWEASDASDAS</DriverTrackingStatus>
	<DriverTrackingStatusCode>QWEQWEQWEQWEASDASDAS</DriverTrackingStatusCode>
	<TrackingType>QWEQWEQWEQWEASDASDAS</TrackingType>
	<Status>QWEQWEQWEQWEASDASDAS</Status>
	<DriverTrackingReason>QWEQWEQWEQWEASDASDAS</DriverTrackingReason>
	<DriverTrackingReasonCode>QWEQWEQWEQWEASDASDAS</DriverTrackingReasonCode>
	<DriverTrackingSeverity>QWEQWEQWEQWEASDASDAS</DriverTrackingSeverity>
	<DriverTrackingSeverityCode>QWEQWEQWEQWEASDASDAS</DriverTrackingSeverityCode>
	<DriverTrackingAdvancedStatus>QWEQWEQWEQWEASDASDAS</DriverTrackingAdvancedStatus>
	<ParentProcessID>QWEQWEQWEQWEASDASDAS</ParentProcessID>
	<FlowNode>QWEQWEQWEQWEASDASDAS</FlowNode>
	<EventType>QWEQWEQWEQWEASDASDAS</EventType>
	<NotificationGroupCode>QWEQWEQWEQWEASDASDAS</NotificationGroupCode>
	<NotificationGroupType>QWEQWEQWEQWEASDASDAS</NotificationGroupType>
	<ProcessStatus>QWEQWEQWEQWEASDASDAS</ProcessStatus>
	<PayloadType>QWEQWEQWEQWEASDASDAS</PayloadType>
	<Payload>
		<Report>
			<Summary>
				<Input>
					<Claims>100</Claims>
				</Input>
				<Processed>
					<Claims>100</Claims>
				</Processed>
				<Companies-Method>
					<Claims>100</Claims>
				</Companies-Method>
				<Companies-Status>
					<Claims>100</Claims>
				</Companies-Status>
				<Status>Balanced</Status>
			</Summary>
			<Details>
				<Input>
					<Information>
						<Claims>3762</Claims>
						<Payments>3762</Payments>
					</Information>
				</Input>
				<Processed>
					<ComplianceFailures>
						<Claims>100</Claims>
						<Payments>3762</Payments>
					</ComplianceFailures>
					<Unknown>
						<Claims>100</Claims>
						<Payments>3762</Payments>
					</Unknown>
					<Transformed>
						<Claims>100</Claims>
						<Payments>3762</Payments>
					</Transformed>
				</Processed>
				<Companies-Method>
					<BLC>
						<ACH>100</ACH>
						<CHK>100</CHK>
						<VCARD>100</VCARD>
						<NON>100</NON>
						<BOP>100</BOP>
						<Total>100</Total>
					</BLC>
					<BLCCP>
						<ACH>100</ACH>
						<CHK>100</CHK>
						<VCARD>100</VCARD>
						<NON>100</NON>
						<BOP>100</BOP>
						<Total>100</Total>
					</BLCCP>
					<BCLIC>
						<ACH>100</ACH>
						<CHK>100</CHK>
						<VCARD>100</VCARD>
						<NON>100</NON>
						<BOP>100</BOP>
						<Total>100</Total>
					</BCLIC>
					<BLCRL>
						<ACH>100</ACH>
						<CHK>100</CHK>
						<VCARD>100</VCARD>
						<NON>100</NON>
						<BOP>100</BOP>
						<Total>100</Total>
					</BLCRL>
					<CLIC>
						<ACH>100</ACH>
						<CHK>100</CHK>
						<VCARD>100</VCARD>
						<NON>100</NON>
						<BOP>100</BOP>
						<Total>100</Total>
					</CLIC>
					<WNIC>
						<ACH>100</ACH>
						<CHK>100</CHK>
						<VCARD>100</VCARD>
						<NON>100</NON>
						<BOP>100</BOP>
						<Total>100</Total>
					</WNIC>
					<Total>
						<ACH>100</ACH>
						<CHK>100</CHK>
						<VCARD>100</VCARD>
						<NON>100</NON>
						<BOP>100</BOP>
						<Total>100</Total>
					</Total>
				</Companies-Method>
				<Companies-Status>
					<BLC>
						<Settled>100</Settled>
						<Paid>100</Paid>
						<Suspended>100</Suspended>
						<PendingFunding>100</PendingFunding>
						<PartiallySettled>100</PartiallySettled>
						<Cancelled>100</Cancelled>
						<Returned>100</Returned>
						<Voided>100</Voided>
						<Stopped>100</Stopped>
						<Expired>100</Expired>
						<ReIssued>100</ReIssued>
						<Total>100</Total>
					</BLC>
					<BLCCP>
						<Settled>100</Settled>
						<Paid>100</Paid>
						<Suspended>100</Suspended>
						<PendingFunding>100</PendingFunding>
						<PartiallySettled>100</PartiallySettled>
						<Cancelled>100</Cancelled>
						<Returned>100</Returned>
						<Voided>100</Voided>
						<Stopped>100</Stopped>
						<Expired>100</Expired>
						<ReIssued>100</ReIssued>
						<Total>100</Total>
					</BLCCP>
					<BCLIC>
						<Settled>100</Settled>
						<Paid>100</Paid>
						<Suspended>100</Suspended>
						<PendingFunding>100</PendingFunding>
						<PartiallySettled>100</PartiallySettled>
						<Cancelled>100</Cancelled>
						<Returned>100</Returned>
						<Voided>100</Voided>
						<Stopped>100</Stopped>
						<Expired>100</Expired>
						<ReIssued>100</ReIssued>
						<Total>100</Total>
					</BCLIC>
					<BLCRL>
						<Settled>100</Settled>
						<Paid>100</Paid>
						<Suspended>100</Suspended>
						<PendingFunding>100</PendingFunding>
						<PartiallySettled>100</PartiallySettled>
						<Cancelled>100</Cancelled>
						<Returned>100</Returned>
						<Voided>100</Voided>
						<Stopped>100</Stopped>
						<Expired>100</Expired>
						<ReIssued>100</ReIssued>
						<Total>100</Total>
					</BLCRL>
					<CLIC>
						<Settled>100</Settled>
						<Paid>100</Paid>
						<Suspended>100</Suspended>
						<PendingFunding>100</PendingFunding>
						<PartiallySettled>100</PartiallySettled>
						<Cancelled>100</Cancelled>
						<Returned>100</Returned>
						<Voided>100</Voided>
						<Stopped>100</Stopped>
						<Expired>100</Expired>
						<ReIssued>100</ReIssued>
						<Total>100</Total>
					</CLIC>
					<WNIC>
						<Settled>100</Settled>
						<Paid>100</Paid>
						<Suspended>100</Suspended>
						<PendingFunding>100</PendingFunding>
						<PartiallySettled>100</PartiallySettled>
						<Cancelled>100</Cancelled>
						<Returned>100</Returned>
						<Voided>100</Voided>
						<Stopped>100</Stopped>
						<Expired>100</Expired>
						<ReIssued>100</ReIssued>
						<Total>100</Total>
					</WNIC>
					<Total>
						<Settled>100</Settled>
						<Paid>100</Paid>
						<Suspended>100</Suspended>
						<PendingFunding>100</PendingFunding>
						<PartiallySettled>100</PartiallySettled>
						<Cancelled>100</Cancelled>
						<Returned>100</Returned>
						<Voided>100</Voided>
						<Stopped>100</Stopped>
						<Expired>100</Expired>
						<ReIssued>100</ReIssued>
						<Total>100</Total>
					</Total>
				</Companies-Status>
			</Details>
		</Report>
	</Payload>
	<Action>
		<Repair>SSASD</Repair>
		<Resubmit>SADAS</Resubmit>
		<Cancel>ASDAS</Cancel>
		<Payload>WQEWQ</Payload>
		<QueueName>WQEQWE</QueueName>
		<MFTTransactionID>QWEQWEQWEQWEASDASDAS</MFTTransactionID>
		<PayloadID>AEDAQWEW</PayloadID>
		<Supplemental_Short>DASFDSFSDF</Supplemental_Short>
		<Supplemental>ASDAWQEQ</Supplemental>
		<ACKSent>EQWEQWEWQE</ACKSent>
	</Action>
</SPEEvent>
