<SPEEvent>
	<EventDateTime>2020-11-21T23:21:54.123456</EventDateTime>
	<EventDateTimeString>QWEQWEQWEQWEASDASDAS</EventDateTimeString>
	<ServerName>QWEQWEQWEQWEASDASDAS</ServerName>
	<DriverTrackingID>QWEQWEQWEQWEASDASDAS</DriverTrackingID>
	<DriverTrackingType>QWEQWEQWEQWEASDASDAS</DriverTrackingType>
	<DriverTrackingStepID>QWEQWEQWEQWEASDASDAS</DriverTrackingStepID>
	<DriverTrackingStatus>QWEQWEQWEQWEASDASDAS</DriverTrackingStatus>
	<DriverTrackingStatusCode>QWEQWEQWEQWEASDASDAS</DriverTrackingStatusCode>
	<TrackingType>QWEQWEQWEQWEASDASDAS</TrackingType>
	<Status>QWEQWEQWEQWEASDASDAS</Status>
	<DriverTrackingReason>QWEQWEQWEQWEASDASDAS</DriverTrackingReason>
	<DriverTrackingReasonCode>QWEQWEQWEQWEASDASDAS</DriverTrackingReasonCode>
	<DriverTrackingSeverity>QWEQWEQWEQWEASDASDAS</DriverTrackingSeverity>
	<DriverTrackingSeverityCode>QWEQWEQWEQWEASDASDAS</DriverTrackingSeverityCode>
	<DriverTrackingAdvancedStatus>QWEQWEQWEQWEASDASDAS</DriverTrackingAdvancedStatus>
	<ParentProcessID>QWEQWEQWEQWEASDASDAS</ParentProcessID>
	<FlowNode>QWEQWEQWEQWEASDASDAS</FlowNode>
	<EventType>QWEQWEQWEQWEASDASDAS</EventType>
	<NotificationGroupCode>QWEQWEQWEQWEASDASDAS</NotificationGroupCode>
	<NotificationGroupType>QWEQWEQWEQWEASDASDAS</NotificationGroupType>
	<ProcessStatus>QWEQWEQWEQWEASDASDAS</ProcessStatus>
	<PayloadType>QWEQWEQWEQWEASDASDAS</PayloadType>
	<Payload>
		<Report>
			<Summary>
				<Input>
					<Claims>100</Claims>
				</Input>
				<Processed>
					<Claims>100</Claims>
				</Processed>
				<IDFFileDetails>
					<FileName>100</FileName>
				</IDFFileDetails>
				<BLC>
					<Claims>100</Claims>
				</BLC>
				<WNIC>
					<Claims>100</Claims>
				</WNIC>
				<Status>Balanced</Status>
			</Summary>
			<Details>
				<Input>
					<Information>
						<Claims>3762</Claims>
					</Information>
				</Input>
				<Processed>
					<ComplianceFailures>
						<Claims>100</Claims>
					</ComplianceFailures>
					<Filtered>
						<Claims>100</Claims>
					</Filtered>
					<Transformed>
						<Claims>100</Claims>
					</Transformed>
				</Processed>
				<IDFFileDetails>
					<FileName>100</FileName>
					<IDFReceivedDate>100</IDFReceivedDate>
				</IDFFileDetails>
				<BLC>
					<Information>
					    <Company>BLC</Company>
						<Method>ACH</Method>
						<Status>SETTLED</Status>
						<Claims>100</Claims>
					</Information>
					<Information>
					    <Company>BLC</Company>
						<Method>CHK</Method>
						<Status>PAID</Status>
						<Claims>100</Claims>
					</Information>
					<Information>
					    <Company>BLC</Company>
						<Method>VIRTUALCARD</Method>
						<Status>PAID</Status>
						<Claims>100</Claims>
					</Information>
					<Information>
					    <Company>BLC</Company>
						<Method>NON</Method>
						<Status>PAID</Status>
						<Claims>100</Claims>
					</Information>
					<CompanyTotal>
					    <Company>BLC</Company>
						<Method>NON</Method>
						<Status>PAID</Status>
						<Claims>100</Claims>
					</CompanyTotal>
					<Total>
					    <Company>BLC</Company>
						<Method>NON</Method>
						<Status>PAID</Status>
						<Claims>100</Claims>
					</Total>
				</BLC>
				<WNIC>
					<Information>
					    <Company>BLC</Company>
						<Method>ACH</Method>
						<Status>SETTLED</Status>
						<Claims>100</Claims>
					</Information>
					<Information>
					    <Company>BLC</Company>
						<Method>CHK</Method>
						<Status>PAID</Status>
						<Claims>100</Claims>
					</Information>
					<Information>
					    <Company>BLC</Company>
						<Method>VIRTUALCARD</Method>
						<Status>PAID</Status>
						<Claims>100</Claims>
					</Information>
					<Information>
					    <Company>BLC</Company>
						<Method>NON</Method>
						<Status>PAID</Status>
						<Claims>100</Claims>
					</Information>
					<CompanyTotal>
					    <Company>BLC</Company>
						<Method>NON</Method>
						<Status>PAID</Status>
						<Claims>100</Claims>
					</CompanyTotal>
					<Total>
					    <Company>BLC</Company>
						<Method>NON</Method>
						<Status>PAID</Status>
						<Claims>100</Claims>
					</Total>
				</WNIC>
			</Details>
		</Report>
	</Payload>
	<Action>
		<Repair>SSASD</Repair>
		<Resubmit>SADAS</Resubmit>
		<Cancel>ASDAS</Cancel>
		<Payload>WQEWQ</Payload>
		<QueueName>WQEQWE</QueueName>
		<MFTTransactionID>QWEQWEQWEQWEASDASDAS</MFTTransactionID>
		<PayloadID>AEDAQWEW</PayloadID>
		<Supplemental_Short>DASFDSFSDF</Supplemental_Short>
		<Supplemental>ASDAWQEQ</Supplemental>
		<ACKSent>EQWEQWEWQE</ACKSent>
	</Action>
</SPEEvent>
