[{"sys_date":new ISODate(),"schema_version":NumberInt(1),"code":"837_COBA_005010X223A1","company_id":NumberInt(2),"description":"Preedit configurations for 837A 005010X223A1 documents for ISA SenderId COBA","type":"SPEX12837Preedits","data":{"isa06":"COBA","isa08":"*","gs01":"HC","gs02":"*","gs03":"*","gs08":"005010X223A1","x12Version":"5010","x12Transaction":"837","part":"A","cobcTP":"NumberInt(1)","ccnDuplicateCheck":"NumberInt(1)","addUserId":"gtmAdmin","addDate":new ISODate(),"preeditsRequired":["validate_integers","med_2nd","negamt_2300_clm02","negamt_2320_amtd","negamt_2320_amta8","negamt_2320_mia04","negamt_2400_sv203","negamt_2400_sv207","negamt_2430_svd02","rac","unbundled_claims","sbr09_ma","void_cancel","negamt_2430_cas03"]}},{"sys_date":new ISODate(),"schema_version":NumberInt(1),"code":"837_COBA_005010X222A1","company_id":NumberInt(2),"description":"Preedit configurations for 837B 005010X222A1 documents for ISA SenderId COBA","type":"SPEX12837Preedits","data":{"isa06":"COBA","isa08":"*","gs01":"HC","gs02":"*","gs03":"*","gs08":"005010X222A1","x12Version":"5010","x12Transaction":"837","part":"B","cobcTP":"NumberInt(1)","ccnDuplicateCheck":"NumberInt(1)","addUserId":"gtmAdmin","addDate":new ISODate(),"preeditsRequired":["negamt_2300_clm02","negamt_2320_amtd","negamt_2320_amta8","negamt_2400_sv102","negamt_2430_svd02","require_2430_svd","med_2nd","rac","sbr09_mb","negamt_2430_cas03"]}},{"sys_date":new ISODate(),"schema_version":NumberInt(1),"code":"837_VAMC_005010X223A2","company_id":NumberInt(2),"description":"Preedit configurations for 837A 005010X223A2 documents for ISA SenderId VAMC","type":"SPEX12837Preedits","data":{"isa06":"VAMC","isa08":"*","gs01":"HC","gs02":"*","gs03":"*","gs08":"005010X223A2","x12Version":"5010","x12Transaction":"837","part":"A","cobcTP":"NumberInt(0)","ccnDuplicateCheck":"NumberInt(1)","addUserId":"gtmAdmin","addDate":new ISODate(),"preeditsRequired":["negamt_2300_clm02","negamt_2320_amtd","negamt_2320_amta8","negamt_2320_mia04","negamt_2400_sv203","negamt_2400_sv207","negamt_2430_svd02","validate_integers","med_2nd","unbundled_claims","sbr09_ma","negamt_2430_cas03"]}},{"sys_date":new ISODate(),"schema_version":NumberInt(1),"code":"837_SSIG_005010X223A1","company_id":NumberInt(2),"description":"Preedit configurations for 837A 005010X223A1 documents for ISA SenderId SSIG","type":"SPEX12837Preedits","data":{"isa06":"SSIG","isa08":"*","gs01":"HC","gs02":"*","gs03":"*","gs08":"005010X223A1","x12Version":"5010","x12Transaction":"837","part":"A","cobcTP":"NumberInt(0)","ccnDuplicateCheck":"NumberInt(1)","addUserId":"gtmAdmin","addDate":new ISODate(),"preeditsRequired":["negamt_2300_clm02","negamt_2320_amtd","negamt_2320_amta8","negamt_2320_mia04","negamt_2400_sv203","negamt_2400_sv207","negamt_2430_svd02","validate_integers","med_2nd","unbundled_claims","sbr09_ma","negamt_2430_cas03"]}},{"sys_date":new ISODate(),"schema_version":NumberInt(1),"code":"837_SSIG_005010X223A2","company_id":NumberInt(2),"description":"Preedit configurations for 837A 005010X223A2 documents for ISA SenderId SSIG","type":"SPEX12837Preedits","data":{"isa06":"SSIG","isa08":"*","gs01":"HC","gs02":"*","gs03":"*","gs08":"005010X223A2","x12Version":"5010","x12Transaction":"837","part":"A","cobcTP":"NumberInt(0)","ccnDuplicateCheck":"NumberInt(1)","addUserId":"gtmAdmin","addDate":new ISODate(),"preeditsRequired":["negamt_2300_clm02","negamt_2320_amtd","negamt_2320_amta8","negamt_2320_mia04","negamt_2400_sv203","negamt_2400_sv207","negamt_2430_svd02","validate_integers","med_2nd","unbundled_claims","sbr09_ma","negamt_2430_cas03","reject_isa06_gs08_all"]}},{"sys_date":new ISODate(),"schema_version":NumberInt(1),"code":"837_TKSF_005010X223A2","company_id":NumberInt(2),"description":"Preedit configurations for 837A 005010X223A2 documents for ISA SenderId TKSF","type":"SPEX12837Preedits","data":{"isa06":"TKSF","isa08":"*","gs01":"HC","gs02":"*","gs03":"*","gs08":"005010X223A2","x12Version":"5010","x12Transaction":"837","part":"A","cobcTP":"NumberInt(0)","ccnDuplicateCheck":"NumberInt(1)","addUserId":"gtmAdmin","addDate":new ISODate(),"preeditsRequired":["negamt_2300_clm02","negamt_2320_amtd","negamt_2320_amta8","negamt_2320_mia04","negamt_2400_sv203","negamt_2400_sv207","negamt_2430_svd02","validate_integers","med_2nd","unbundled_claims","sbr09_ma","negamt_2430_cas03"]}},{"sys_date":new ISODate(),"schema_version":NumberInt(1),"code":"837_TKSF_005010X223A1","company_id":NumberInt(2),"description":"Preedit configurations for 837A 005010X223A1 documents for ISA SenderId TKSF","type":"SPEX12837Preedits","data":{"isa06":"TKSF","isa08":"*","gs01":"HC","gs02":"*","gs03":"*","gs08":"005010X223A1","x12Version":"5010","x12Transaction":"837","part":"A","cobcTP":"NumberInt(0)","ccnDuplicateCheck":"NumberInt(1)","addUserId":"gtmAdmin","addDate":new ISODate(),"preeditsRequired":["negamt_2300_clm02","negamt_2320_amtd","negamt_2320_amta8","negamt_2320_mia04","negamt_2400_sv203","negamt_2400_sv207","negamt_2430_svd02","validate_integers","med_2nd","unbundled_claims","sbr09_ma","negamt_2430_cas03"]}},{"sys_date":new ISODate(),"schema_version":NumberInt(1),"code":"837_CAPARIO_005010X223A2","company_id":NumberInt(2),"description":"Preedit configurations for 837A 005010X223A2 documents for ISA SenderId CAPARIO","type":"SPEX12837Preedits","data":{"isa06":"CAPARIO","isa08":"*","gs01":"HC","gs02":"*","gs03":"*","gs08":"005010X223A2","x12Version":"5010","x12Transaction":"837","part":"A","cobcTP":"NumberInt(0)","ccnDuplicateCheck":"NumberInt(0)","addUserId":"gtmAdmin","addDate":new ISODate(),"preeditsRequired":["<not_needed>"]}},{"sys_date":new ISODate(),"schema_version":NumberInt(1),"code":"837_VAMC_005010X223A1","company_id":NumberInt(2),"description":"Preedit configurations for 837A 005010X223A1 documents for ISA SenderId VAMC","type":"SPEX12837Preedits","data":{"isa06":"VAMC","isa08":"*","gs01":"HC","gs02":"*","gs03":"*","gs08":"005010X223A1","x12Version":"5010","x12Transaction":"837","part":"A","cobcTP":"NumberInt(0)","ccnDuplicateCheck":"NumberInt(1)","addUserId":"gtmAdmin","addDate":new ISODate(),"preeditsRequired":["negamt_2300_clm02","negamt_2320_amtd","negamt_2320_amta8","negamt_2320_mia04","negamt_2400_sv203","negamt_2400_sv207","negamt_2430_svd02","validate_integers","med_2nd","unbundled_claims","sbr09_ma","negamt_2430_cas03"]}},{"sys_date":new ISODate(),"schema_version":NumberInt(1),"code":"270_TKSF_005010X279A1","company_id":NumberInt(2),"description":"Preedit configurations for 270NULL 005010X279A1 documents for ISA SenderId TKSF","type":"SPEX12837Preedits","data":{"isa06":"TKSF","isa08":"*","gs01":"HC","gs02":"*","gs03":"*","gs08":"005010X279A1","x12Version":"5010","x12Transaction":270,"part":"NULL","cobcTP":"NumberInt(0)","ccnDuplicateCheck":"NumberInt(0)","addUserId":"gtmAdmin","addDate":new ISODate(),"preeditsRequired":["<not_needed>"]}},{"sys_date":new ISODate(),"schema_version":NumberInt(1),"code":"276_TKSF_005010X212","company_id":NumberInt(2),"description":"Preedit configurations for 276NULL 005010X212 documents for ISA SenderId TKSF","type":"SPEX12837Preedits","data":{"isa06":"TKSF","isa08":"*","gs01":"HC","gs02":"*","gs03":"*","gs08":"005010X212","x12Version":"5010","x12Transaction":276,"part":"NULL","cobcTP":"NumberInt(0)","ccnDuplicateCheck":"NumberInt(0)","addUserId":"gtmAdmin","addDate":new ISODate(),"preeditsRequired":["<not_needed>"]}},{"sys_date":new ISODate(),"schema_version":NumberInt(1),"code":"837_COBA_005010X223A2","company_id":NumberInt(2),"description":"Preedit configurations for 837A 005010X223A2 documents for ISA SenderId COBA","type":"SPEX12837Preedits","data":{"isa06":"COBA","isa08":"*","gs01":"HC","gs02":"*","gs03":"*","gs08":"005010X223A2","x12Version":"5010","x12Transaction":"837","part":"A","cobcTP":"NumberInt(1)","ccnDuplicateCheck":"NumberInt(1)","addUserId":"gtmAdmin","addDate":new ISODate(),"preeditsRequired":["negamt_2300_clm02","negamt_2320_amtd","negamt_2320_amta8","negamt_2320_mia04","negamt_2400_sv203","negamt_2400_sv207","negamt_2430_svd02","validate_integers","med_2nd","rac","unbundled_claims","sbr09_ma","void_cancel","negamt_2430_cas03"]}},{"sys_date":new ISODate(),"schema_version":NumberInt(1),"code":"837_CAPARIO_005010X223A1","company_id":NumberInt(2),"description":"Preedit configurations for 837A 005010X223A1 documents for ISA SenderId CAPARIO","type":"SPEX12837Preedits","data":{"isa06":"CAPARIO","isa08":"*","gs01":"HC","gs02":"*","gs03":"*","gs08":"005010X223A1","x12Version":"5010","x12Transaction":"837","part":"A","cobcTP":"NumberInt(0)","ccnDuplicateCheck":"NumberInt(0)","addUserId":"gtmAdmin","addDate":new ISODate(),"preeditsRequired":["<not_needed>"]}},{"sys_date":new ISODate(),"schema_version":NumberInt(1),"code":"837_SSIG_005010X222A1","company_id":NumberInt(2),"description":"Preedit configurations for 837B 005010X222A1 documents for ISA SenderId SSIG","type":"SPEX12837Preedits","data":{"isa06":"SSIG","isa08":"*","gs01":"HC","gs02":"*","gs03":"*","gs08":"005010X222A1","x12Version":"5010","x12Transaction":"837","part":"B","cobcTP":"NumberInt(0)","ccnDuplicateCheck":"NumberInt(1)","addUserId":"gtmAdmin","addDate":new ISODate(),"preeditsRequired":["negamt_2300_clm02","negamt_2320_amtd","negamt_2320_amta8","negamt_2400_sv102","negamt_2430_svd02","require_2430_svd","med_2nd","sbr09_mb","negamt_2430_cas03"]}},{"sys_date":new ISODate(),"schema_version":NumberInt(1),"code":"837_HDM_005010X222A1","company_id":NumberInt(2),"description":"Preedit configurations for 837B 005010X222A1 documents for ISA SenderId HDM","type":"SPEX12837Preedits","data":{"isa06":"HDM","isa08":"*","gs01":"HC","gs02":"*","gs03":"*","gs08":"005010X222A1","x12Version":"5010","x12Transaction":"837","part":"B","cobcTP":"NumberInt(0)","ccnDuplicateCheck":"NumberInt(1)","addUserId":"gtmAdmin","addDate":new ISODate(),"preeditsRequired":["negamt_2300_clm02","negamt_2320_amtd","negamt_2320_amta8","negamt_2400_sv102","negamt_2430_svd02","require_2430_svd","med_2nd","sbr09_mb","negamt_2430_cas03"]}},{"sys_date":new ISODate(),"schema_version":NumberInt(1),"code":"276_27601_005010X212","company_id":NumberInt(2),"description":"Preedit configurations for 276NULL 005010X212 documents for ISA SenderId 27601","type":"SPEX12837Preedits","data":{"isa06":"27601","isa08":"*","gs01":"HC","gs02":"*","gs03":"*","gs08":"005010X212","x12Version":"5010","x12Transaction":276,"part":"NULL","cobcTP":"NumberInt(1)","ccnDuplicateCheck":"NumberInt(0)","addUserId":"gtmAdmin","addDate":new ISODate(),"preeditsRequired":["<not_needed>"]}},{"sys_date":new ISODate(),"schema_version":NumberInt(1),"code":"276_27602_005010X212","company_id":NumberInt(2),"description":"Preedit configurations for 276NULL 005010X212 documents for ISA SenderId 27602","type":"SPEX12837Preedits","data":{"isa06":"27602","isa08":"*","gs01":"HC","gs02":"*","gs03":"*","gs08":"005010X212","x12Version":"5010","x12Transaction":276,"part":"NULL","cobcTP":"NumberInt(0)","ccnDuplicateCheck":"NumberInt(0)","addUserId":"gtmAdmin","addDate":new ISODate(),"preeditsRequired":["<not_needed>"]}},{"sys_date":new ISODate(),"schema_version":NumberInt(1),"code":"276_27604_005010X212","company_id":NumberInt(2),"description":"Preedit configurations for 276NULL 005010X212 documents for ISA SenderId 27604","type":"SPEX12837Preedits","data":{"isa06":"27604","isa08":"*","gs01":"HC","gs02":"*","gs03":"*","gs08":"005010X212","x12Version":"5010","x12Transaction":276,"part":"NULL","cobcTP":"NumberInt(0)","ccnDuplicateCheck":"NumberInt(0)","addUserId":"gtmAdmin","addDate":new ISODate(),"preeditsRequired":["<not_needed>"]}},{"sys_date":new ISODate(),"schema_version":NumberInt(1),"code":"837_CAPARIO_005010X222A1","company_id":NumberInt(2),"description":"Preedit configurations for 837B 005010X222A1 documents for ISA SenderId CAPARIO","type":"SPEX12837Preedits","data":{"isa06":"CAPARIO","isa08":"*","gs01":"HC","gs02":"*","gs03":"*","gs08":"005010X222A1","x12Version":"5010","x12Transaction":"837","part":"B","cobcTP":"NumberInt(0)","ccnDuplicateCheck":"NumberInt(0)","addUserId":"gtmAdmin","addDate":new ISODate(),"preeditsRequired":["<not_needed>"]}},{"sys_date":new ISODate(),"schema_version":NumberInt(1),"code":"837_MBA_005010X222A1","company_id":NumberInt(2),"description":"Preedit configurations for 837B 005010X222A1 documents for ISA SenderId MBA","type":"SPEX12837Preedits","data":{"isa06":"MBA","isa08":"*","gs01":"HC","gs02":"*","gs03":"*","gs08":"005010X222A1","x12Version":"5010","x12Transaction":"837","part":"B","cobcTP":"NumberInt(0)","ccnDuplicateCheck":"NumberInt(1)","addUserId":"gtmAdmin","addDate":new ISODate(),"preeditsRequired":["negamt_2300_clm02","negamt_2320_amtd","negamt_2320_amta8","negamt_2400_sv102","negamt_2430_svd02","require_2430_svd","med_2nd","sbr09_mb","negamt_2430_cas03"]}},{"sys_date":new ISODate(),"schema_version":NumberInt(1),"code":"837_VAMC_005010X222A1","company_id":NumberInt(2),"description":"Preedit configurations for 837B 005010X222A1 documents for ISA SenderId VAMC","type":"SPEX12837Preedits","data":{"isa06":"VAMC","isa08":"*","gs01":"HC","gs02":"*","gs03":"*","gs08":"005010X222A1","x12Version":"5010","x12Transaction":"837","part":"B","cobcTP":"NumberInt(0)","ccnDuplicateCheck":"NumberInt(1)","addUserId":"gtmAdmin","addDate":new ISODate(),"preeditsRequired":["negamt_2300_clm02","negamt_2320_amtd","negamt_2320_amta8","negamt_2400_sv102","negamt_2430_svd02","require_2430_svd","med_2nd","sbr09_mb","negamt_2430_cas03"]}},{"sys_date":new ISODate(),"schema_version":NumberInt(1),"code":"837_TKSF_005010X222A1","company_id":NumberInt(2),"description":"Preedit configurations for 837B 005010X222A1 documents for ISA SenderId TKSF","type":"SPEX12837Preedits","data":{"isa06":"TKSF","isa08":"*","gs01":"HC","gs02":"*","gs03":"*","gs08":"005010X222A1","x12Version":"5010","x12Transaction":"837","part":"B","cobcTP":"NumberInt(0)","ccnDuplicateCheck":"NumberInt(1)","addUserId":"gtmAdmin","addDate":new ISODate(),"preeditsRequired":["negamt_2300_clm02","negamt_2320_amtd","negamt_2320_amta8","negamt_2400_sv102","negamt_2430_svd02","require_2430_svd","med_2nd","sbr09_mb","negamt_2430_cas03"]}},{"sys_date":new ISODate(),"schema_version":NumberInt(1),"code":"837_RICOH_005010X222A2","company_id":NumberInt(2),"description":"Preedit configurations for 837B 005010X222A2 documents for ISA SenderId RICOH","type":"SPEX12837Preedits","data":{"isa06":"RICOH","isa08":"*","gs01":"HC","gs02":"*","gs03":"*","gs08":"005010X222A2","x12Version":"5010","x12Transaction":"837","part":"B","cobcTP":"NumberInt(0)","ccnDuplicateCheck":"NumberInt(0)","addUserId":"gtmAdmin","addDate":new ISODate(),"preeditsRequired":["negamt_2300_clm02","negamt_2320_amtd","negamt_2320_amta8","negamt_2400_sv102","negamt_2430_svd02","require_2430_svd","med_2nd","sbr09_mb","film_number","negamt_2430_cas03"]}},{"sys_date":new ISODate(),"schema_version":NumberInt(1),"code":"837_RICOH_005010X222A1","company_id":NumberInt(2),"description":"Preedit configurations for 837B 005010X222A1 documents for ISA SenderId RICOH","type":"SPEX12837Preedits","data":{"isa06":"RICOH","isa08":"*","gs01":"HC","gs02":"*","gs03":"*","gs08":"005010X222A1","x12Version":"5010","x12Transaction":"837","part":"B","cobcTP":"NumberInt(0)","ccnDuplicateCheck":"NumberInt(0)","addUserId":"gtmAdmin","addDate":new ISODate(),"preeditsRequired":["negamt_2300_clm02","negamt_2320_amtd","negamt_2320_amta8","negamt_2400_sv102","negamt_2430_svd02","require_2430_svd","med_2nd","sbr09_mb","film_number","negamt_2430_cas03"]}},{"sys_date":new ISODate(),"schema_version":NumberInt(1),"code":"837_RICOH_005010X223A1","company_id":NumberInt(2),"description":"Preedit configurations for 837A 005010X223A1 documents for ISA SenderId RICOH","type":"SPEX12837Preedits","data":{"isa06":"RICOH","isa08":"*","gs01":"HC","gs02":"*","gs03":"*","gs08":"005010X223A1","x12Version":"5010","x12Transaction":"837","part":"A","cobcTP":"NumberInt(0)","ccnDuplicateCheck":"NumberInt(0)","addUserId":"gtmAdmin","addDate":new ISODate(),"preeditsRequired":["negamt_2300_clm02","negamt_2320_amtd","negamt_2320_amta8","negamt_2320_mia04","negamt_2400_sv203","negamt_2400_sv207","negamt_2430_svd02","validate_integers","med_2nd","unbundled_claims","sbr09_ma","void_cancel","film_number","negamt_2430_cas03"]}},{"sys_date":new ISODate(),"schema_version":NumberInt(1),"code":"837_RICOH_005010X223A2","company_id":NumberInt(2),"description":"Preedit configurations for 837A 005010X223A2 documents for ISA SenderId RICOH","type":"SPEX12837Preedits","data":{"isa06":"RICOH","isa08":"*","gs01":"HC","gs02":"*","gs03":"*","gs08":"005010X223A2","x12Version":"5010","x12Transaction":"837","part":"A","cobcTP":"NumberInt(0)","ccnDuplicateCheck":"NumberInt(0)","addUserId":"gtmAdmin","addDate":new ISODate(),"preeditsRequired":["negamt_2300_clm02","negamt_2320_amtd","negamt_2320_amta8","negamt_2320_mia04","negamt_2400_sv203","negamt_2400_sv207","negamt_2430_svd02","validate_integers","med_2nd","unbundled_claims","sbr09_ma","void_cancel","film_number","negamt_2430_cas03"]}}]